sample	station	type
ARS	AR	sediment
BQF	BQ	fluid
BQS	BQ	sediment
BQS1	BQ	sediment
BR1F	BR1	fluid
BRF1	BR	fluid
BRF2	BR	fluid
BRS1	BR	sediment
BRS2	BR	sediment
CYF	CY	fluid
CYS	CY	sediment
EPF	EP	fluid
EPS	EP	sediment
ESF9	ES	fluid
ETF	ET	fluid
ETS	ET	sediment
FAF	FA	fluid
FAS	FA	sediment
MTF	MT	fluid
PBS	PB	sediment
PFF	PF	fluid
PFS	PF	sediment
PGF	PG	fluid
PGS	PG	sediment
PLS	PL	sediment
QHF2	QH2	fluid
QH2F	QH2	fluid
QHS1	QH1	sediment
QHS2	QH2	sediment
QNF	QN	fluid
QNS	QN	sediment
RSF	RS	fluid
RSS	RS	sediment
RVF	RV	fluid
SIF	SI	fluid
SIS	SI	sediment
SLF	SL	fluid
SLS	SL	sediment
STS	ST	sediment
TCF	TC	fluid
TCS	TC	sediment
VCS	VC	sediment
